asset_candidate_id,page,category,image_file,nearby_text,conversion_strategy,review_status
P004-I01,4,cabinetry_hardware,inventory_images/cabinetry_hardware/P004-I01_p004_img_01.png,Hadley: Anwick: Brushed Oil Rubbed Bronze,mesh_variant_material,unreviewed
P004-I02,4,cabinetry_hardware,inventory_images/cabinetry_hardware/P004-I02_p004_img_02.png,Po Brushed Pewter,mesh_variant_material,unreviewed
P004-I03,4,cabinetry_hardware,inventory_images/cabinetry_hardware/P004-I03_p004_img_03.png,Polished Nickel r,mesh_variant_material,unreviewed
P004-I04,4,cabinetry_hardware,inventory_images/cabinetry_hardware/P004-I04_p004_img_04.png,Brushed Oil B Rubbed Bronze Satin Nickel,mesh_variant_material,unreviewed
P004-I05,4,cabinetry_hardware,inventory_images/cabinetry_hardware/P004-I05_p004_img_05.png,Asher: Stanton: Brushed Chrome R,mesh_variant_material,unreviewed
P004-I06,4,cabinetry_hardware,inventory_images/cabinetry_hardware/P004-I06_p004_img_06.png,Brushed Oil me B Rubbed Bronze,mesh_variant_material,unreviewed
P004-I07,4,cabinetry_hardware,inventory_images/cabinetry_hardware/P004-I07_p004_img_07.png,il Brushed Pewter nze,mesh_variant_material,unreviewed
P004-I08,4,cabinetry_hardware,inventory_images/cabinetry_hardware/P004-I08_p004_img_08.png,Brushed Chrome R Matte Black Po,mesh_variant_material,unreviewed
P004-I09,4,cabinetry_hardware,inventory_images/cabinetry_hardware/P004-I09_p004_img_09.png,Brushed Oil me B Rubbed Bronze Polished Chrome,mesh_variant_material,unreviewed
P004-I10,4,cabinetry_hardware,inventory_images/cabinetry_hardware/P004-I10_p004_img_10.png,il Brushed Pewter nze Satin Nickel ome,mesh_variant_material,unreviewed
P005-I01,5,cabinetry_hardware,inventory_images/cabinetry_hardware/P005-I01_p005_img_01.png,Hadley: Brenton: Brushed Chrome R,mesh_variant_material,unreviewed
P005-I02,5,cabinetry_hardware,inventory_images/cabinetry_hardware/P005-I02_p005_img_02.png,Brushed Chrome R Gun Metal M,mesh_variant_material,unreviewed
P005-I03,5,cabinetry_hardware,inventory_images/cabinetry_hardware/P005-I03_p005_img_03.png,Gun Metal Stanton: Satin Nickel Brenton Knobs:,mesh_variant_material,unreviewed
P005-I04,5,cabinetry_hardware,inventory_images/cabinetry_hardware/P005-I04_p005_img_04.png,Brushed Oil me B Rubbed Bronze,mesh_variant_material,unreviewed
P005-I05,5,cabinetry_hardware,inventory_images/cabinetry_hardware/P005-I05_p005_img_05.png,Brushed Pewter e Polished Chrome,mesh_variant_material,unreviewed
P005-I06,5,cabinetry_hardware,inventory_images/cabinetry_hardware/P005-I06_p005_img_06.png,Brushed Pewter e,mesh_variant_material,unreviewed
P005-I07,5,cabinetry_hardware,inventory_images/cabinetry_hardware/P005-I07_p005_img_07.png,Brushed Oil me B Rubbed Bronze Matte Black Po,mesh_variant_material,unreviewed
P005-I08,5,cabinetry_hardware,inventory_images/cabinetry_hardware/P005-I08_p005_img_08.png,,mesh_variant_material,unreviewed
P005-I09,5,cabinetry_hardware,inventory_images/cabinetry_hardware/P005-I09_p005_img_09.png,,mesh_variant_material,unreviewed
P005-I10,5,cabinetry_hardware,inventory_images/cabinetry_hardware/P005-I10_p005_img_10.png,,mesh_variant_material,unreviewed
P005-I11,5,cabinetry_hardware,inventory_images/cabinetry_hardware/P005-I11_p005_img_11.png,,mesh_variant_material,unreviewed
P005-I12,5,cabinetry_hardware,inventory_images/cabinetry_hardware/P005-I12_p005_img_12.png,,mesh_variant_material,unreviewed
P005-I13,5,cabinetry_hardware,inventory_images/cabinetry_hardware/P005-I13_p005_img_13.png,,mesh_variant_material,unreviewed
P005-I14,5,cabinetry_hardware,inventory_images/cabinetry_hardware/P005-I14_p005_img_14.png,,mesh_variant_material,unreviewed
P006-I01,6,cabinetry_hardware,inventory_images/cabinetry_hardware/P006-I01_p006_img_01.png,THIS HARDWARE COLLECTION IN Brushed Pewter Po,mesh_variant_material,unreviewed
P006-I02,6,cabinetry_hardware,inventory_images/cabinetry_hardware/P006-I02_p006_img_02.png,ECTION IN SHOWROOM r Polished Chrome,mesh_variant_material,unreviewed
P006-I03,6,cabinetry_hardware,inventory_images/cabinetry_hardware/P006-I03_p006_img_03.png,Brushed Oil Rubbed Bronze Satin Nickel Dominique:,mesh_variant_material,unreviewed
P006-I04,6,cabinetry_hardware,inventory_images/cabinetry_hardware/P006-I04_p006_img_04.png,Hadley: Cairo: I DID NOT SEE THIS HA Brushed Oil Rubbed Bronze,mesh_variant_material,unreviewed
P006-I05,6,cabinetry_hardware,inventory_images/cabinetry_hardware/P006-I05_p006_img_05.png,Satin Nickel Dominique: Stanton: Brushed Gold,mesh_variant_material,unreviewed
P006-I06,6,cabinetry_hardware,inventory_images/cabinetry_hardware/P006-I06_p006_img_06.png,Brushed Oil B Rubbed Bronze,mesh_variant_material,unreviewed
P006-I07,6,cabinetry_hardware,inventory_images/cabinetry_hardware/P006-I07_p006_img_07.png,Brushed Pewter e,mesh_variant_material,unreviewed
P006-I08,6,cabinetry_hardware,inventory_images/cabinetry_hardware/P006-I08_p006_img_08.png,Stanton: Brushed Gold Brushed Gold,mesh_variant_material,unreviewed
P006-I09,6,cabinetry_hardware,inventory_images/cabinetry_hardware/P006-I09_p006_img_09.png,Brushed Oil B Rubbed Bronze Polished Chrome,mesh_variant_material,unreviewed
P006-I10,6,cabinetry_hardware,inventory_images/cabinetry_hardware/P006-I10_p006_img_10.png,Brushed Pewter Satin Bronze,mesh_variant_material,unreviewed
P006-I11,6,cabinetry_hardware,inventory_images/cabinetry_hardware/P006-I11_p006_img_11.png,Brushed Gold Satin Nickel,mesh_variant_material,unreviewed
P007-I01,7,cabinetry_hardware,inventory_images/cabinetry_hardware/P007-I01_p007_img_01.png,Hadley: Edgefield: Brushed Chrome,mesh_variant_material,unreviewed
P007-I02,7,cabinetry_hardware,inventory_images/cabinetry_hardware/P007-I02_p007_img_02.png,Brushed Chrome Polished Chrome Edgefield Knobs:,mesh_variant_material,unreviewed
P007-I03,7,cabinetry_hardware,inventory_images/cabinetry_hardware/P007-I03_p007_img_03.png,Matte Black,mesh_variant_material,unreviewed
P007-I04,7,cabinetry_hardware,inventory_images/cabinetry_hardware/P007-I04_p007_img_04.png,e Brushed Gold Satin Nickel,mesh_variant_material,unreviewed
P007-I05,7,cabinetry_hardware,inventory_images/cabinetry_hardware/P007-I05_p007_img_05.png,e Brushed Gold,mesh_variant_material,unreviewed
P007-I06,7,cabinetry_hardware,inventory_images/cabinetry_hardware/P007-I06_p007_img_06.png,Edgefield Knobs: Stanton:,mesh_variant_material,unreviewed
P007-I07,7,cabinetry_hardware,inventory_images/cabinetry_hardware/P007-I07_p007_img_07.png,ed Chrome Satin Nickel d Knobs:,mesh_variant_material,unreviewed
P007-I08,7,cabinetry_hardware,inventory_images/cabinetry_hardware/P007-I08_p007_img_08.png,,mesh_variant_material,unreviewed
P007-I09,7,cabinetry_hardware,inventory_images/cabinetry_hardware/P007-I09_p007_img_09.png,,mesh_variant_material,unreviewed
P007-I10,7,cabinetry_hardware,inventory_images/cabinetry_hardware/P007-I10_p007_img_10.png,,mesh_variant_material,unreviewed
P008-I01,8,cabinetry_hardware,inventory_images/cabinetry_hardware/P008-I01_p008_img_01.png,Brushed Oil Br Rubbed Bronze Polished Chrome S Elara Knobs:,mesh_variant_material,unreviewed
P008-I02,8,cabinetry_hardware,inventory_images/cabinetry_hardware/P008-I02_p008_img_02.png,ter Matte Black e Satin Nickel,mesh_variant_material,unreviewed
P008-I03,8,cabinetry_hardware,inventory_images/cabinetry_hardware/P008-I03_p008_img_03.png,ter Matte Black,mesh_variant_material,unreviewed
P008-I04,8,cabinetry_hardware,inventory_images/cabinetry_hardware/P008-I04_p008_img_04.png,l Brushed Pewter M ze me Satin Bronze S,mesh_variant_material,unreviewed
P008-I05,8,cabinetry_hardware,inventory_images/cabinetry_hardware/P008-I05_p008_img_05.png,l Brushed Pewter M ze,mesh_variant_material,unreviewed
P008-I06,8,cabinetry_hardware,inventory_images/cabinetry_hardware/P008-I06_p008_img_06.png,Hadley: Elara: Brushed Oil B Rubbed Bronze,mesh_variant_material,unreviewed
P008-I07,8,cabinetry_hardware,inventory_images/cabinetry_hardware/P008-I07_p008_img_07.png,Elara Knobs: Stanton:,mesh_variant_material,unreviewed
P008-I08,8,cabinetry_hardware,inventory_images/cabinetry_hardware/P008-I08_p008_img_08.png,,mesh_variant_material,unreviewed
P008-I09,8,cabinetry_hardware,inventory_images/cabinetry_hardware/P008-I09_p008_img_09.png,,mesh_variant_material,unreviewed
P008-I10,8,cabinetry_hardware,inventory_images/cabinetry_hardware/P008-I10_p008_img_10.png,,mesh_variant_material,unreviewed
P008-I11,8,cabinetry_hardware,inventory_images/cabinetry_hardware/P008-I11_p008_img_11.png,,mesh_variant_material,unreviewed
P008-I12,8,cabinetry_hardware,inventory_images/cabinetry_hardware/P008-I12_p008_img_12.png,,mesh_variant_material,unreviewed
P009-I01,9,cabinetry_hardware,inventory_images/cabinetry_hardware/P009-I01_p009_img_01.png,Brushed Pewter Matte Black,mesh_variant_material,unreviewed
P009-I02,9,cabinetry_hardware,inventory_images/cabinetry_hardware/P009-I02_p009_img_02.png,Matte Black Satin Nickel,mesh_variant_material,unreviewed
P009-I03,9,cabinetry_hardware,inventory_images/cabinetry_hardware/P009-I03_p009_img_03.png,Brushed Pewter,mesh_variant_material,unreviewed
P009-I04,9,cabinetry_hardware,inventory_images/cabinetry_hardware/P009-I04_p009_img_04.png,Brushed Oil Br Rubbed Bronze,mesh_variant_material,unreviewed
P009-I05,9,cabinetry_hardware,inventory_images/cabinetry_hardware/P009-I05_p009_img_05.png,Brushed Oil Br Rubbed Bronze Gun Metal,mesh_variant_material,unreviewed
P009-I06,9,cabinetry_hardware,inventory_images/cabinetry_hardware/P009-I06_p009_img_06.png,Gun Metal me Satin Bronze,mesh_variant_material,unreviewed
P009-I07,9,cabinetry_hardware,inventory_images/cabinetry_hardware/P009-I07_p009_img_07.png,Brushed Antique Brass R Dark Bronze,mesh_variant_material,unreviewed
P009-I08,9,cabinetry_hardware,inventory_images/cabinetry_hardware/P009-I08_p009_img_08.png,Dark Bronze Polished Chrome Stanton: Florence Knobs:,mesh_variant_material,unreviewed
P009-I09,9,cabinetry_hardware,inventory_images/cabinetry_hardware/P009-I09_p009_img_09.png,Hadley: Florence: Brushed Antique Brass R,mesh_variant_material,unreviewed
P009-I10,9,cabinetry_hardware,inventory_images/cabinetry_hardware/P009-I10_p009_img_10.png,Stanton: Florence Knobs:,mesh_variant_material,unreviewed
P009-I11,9,cabinetry_hardware,inventory_images/cabinetry_hardware/P009-I11_p009_img_11.png,n: ce Knobs:,mesh_variant_material,unreviewed
P009-I12,9,cabinetry_hardware,inventory_images/cabinetry_hardware/P009-I12_p009_img_12.png,,mesh_variant_material,unreviewed
P009-I13,9,cabinetry_hardware,inventory_images/cabinetry_hardware/P009-I13_p009_img_13.png,,mesh_variant_material,unreviewed
P009-I14,9,cabinetry_hardware,inventory_images/cabinetry_hardware/P009-I14_p009_img_14.png,,mesh_variant_material,unreviewed
P009-I15,9,cabinetry_hardware,inventory_images/cabinetry_hardware/P009-I15_p009_img_15.png,,mesh_variant_material,unreviewed
P009-I16,9,cabinetry_hardware,inventory_images/cabinetry_hardware/P009-I16_p009_img_16.png,,mesh_variant_material,unreviewed
P009-I17,9,cabinetry_hardware,inventory_images/cabinetry_hardware/P009-I17_p009_img_17.png,,mesh_variant_material,unreviewed
P009-I18,9,cabinetry_hardware,inventory_images/cabinetry_hardware/P009-I18_p009_img_18.png,,mesh_variant_material,unreviewed
P010-I01,10,cabinetry_hardware,inventory_images/cabinetry_hardware/P010-I01_p010_img_01.png,e Gun Metal e Satin Bronze,mesh_variant_material,unreviewed
P010-I02,10,cabinetry_hardware,inventory_images/cabinetry_hardware/P010-I02_p010_img_02.png,Brushed Pewter e Matte Black,mesh_variant_material,unreviewed
P010-I03,10,cabinetry_hardware,inventory_images/cabinetry_hardware/P010-I03_p010_img_03.png,,mesh_variant_material,unreviewed
P010-I04,10,cabinetry_hardware,inventory_images/cabinetry_hardware/P010-I04_p010_img_04.png,Matte Black Satin Nickel,mesh_variant_material,unreviewed
P010-I05,10,cabinetry_hardware,inventory_images/cabinetry_hardware/P010-I05_p010_img_05.png,Brushed Pewter e,mesh_variant_material,unreviewed
P010-I06,10,cabinetry_hardware,inventory_images/cabinetry_hardware/P010-I06_p010_img_06.png,Distressed Antique Brass R Distressed Antique Silver,mesh_variant_material,unreviewed
P010-I07,10,cabinetry_hardware,inventory_images/cabinetry_hardware/P010-I07_p010_img_07.png,ue Brushed Oil Br Rubbed Bronze ue Gun Metal,mesh_variant_material,unreviewed
P010-I08,10,cabinetry_hardware,inventory_images/cabinetry_hardware/P010-I08_p010_img_08.png,Hadley: Glendale: Distressed Antique Brass R,mesh_variant_material,unreviewed
P010-I09,10,cabinetry_hardware,inventory_images/cabinetry_hardware/P010-I09_p010_img_09.png,que Brushed Oil B Rubbed Bronze,mesh_variant_material,unreviewed
P010-I10,10,cabinetry_hardware,inventory_images/cabinetry_hardware/P010-I10_p010_img_10.png,Distressed Antique Silver Polished Chrome Stanton: Glendale Knobs:,mesh_variant_material,unreviewed
P010-I11,10,cabinetry_hardware,inventory_images/cabinetry_hardware/P010-I11_p010_img_11.png,Stanton: Glendale Knobs:,mesh_variant_material,unreviewed
P010-I12,10,cabinetry_hardware,inventory_images/cabinetry_hardware/P010-I12_p010_img_12.png,,mesh_variant_material,unreviewed
P010-I13,10,cabinetry_hardware,inventory_images/cabinetry_hardware/P010-I13_p010_img_13.png,,mesh_variant_material,unreviewed
P010-I14,10,cabinetry_hardware,inventory_images/cabinetry_hardware/P010-I14_p010_img_14.png,,mesh_variant_material,unreviewed
P010-I15,10,cabinetry_hardware,inventory_images/cabinetry_hardware/P010-I15_p010_img_15.png,n: ale Knobs:,mesh_variant_material,unreviewed
P010-I16,10,cabinetry_hardware,inventory_images/cabinetry_hardware/P010-I16_p010_img_16.png,,mesh_variant_material,unreviewed
P010-I17,10,cabinetry_hardware,inventory_images/cabinetry_hardware/P010-I17_p010_img_17.png,,mesh_variant_material,unreviewed
P010-I18,10,cabinetry_hardware,inventory_images/cabinetry_hardware/P010-I18_p010_img_18.png,,mesh_variant_material,unreviewed
P011-I01,11,cabinetry_hardware,inventory_images/cabinetry_hardware/P011-I01_p011_img_01.png,Brushed Pewter e Satin Bronze,mesh_variant_material,unreviewed
P011-I02,11,cabinetry_hardware,inventory_images/cabinetry_hardware/P011-I02_p011_img_02.png,Brushed Oil B Rubbed Bronze Polished Chrome,mesh_variant_material,unreviewed
P011-I03,11,cabinetry_hardware,inventory_images/cabinetry_hardware/P011-I03_p011_img_03.png,Brushed Pewter,mesh_variant_material,unreviewed
P011-I04,11,cabinetry_hardware,inventory_images/cabinetry_hardware/P011-I04_p011_img_04.png,Brushed Gold R Po Matte Black,mesh_variant_material,unreviewed
P011-I05,11,cabinetry_hardware,inventory_images/cabinetry_hardware/P011-I05_p011_img_05.png,Brushed Oil d Rubbed Bronze,mesh_variant_material,unreviewed
P011-I06,11,cabinetry_hardware,inventory_images/cabinetry_hardware/P011-I06_p011_img_06.png,Hadley: Hadly: Brushed Gold R,mesh_variant_material,unreviewed
P011-I07,11,cabinetry_hardware,inventory_images/cabinetry_hardware/P011-I07_p011_img_07.png,Poli Matte Black Stanton: Satin Nickel Hadly Knobs:,mesh_variant_material,unreviewed
P011-I08,11,cabinetry_hardware,inventory_images/cabinetry_hardware/P011-I08_p011_img_08.png,Satin Nickel Hadly Knobs:,mesh_variant_material,unreviewed
P011-I09,11,cabinetry_hardware,inventory_images/cabinetry_hardware/P011-I09_p011_img_09.png,Knobs:,mesh_variant_material,unreviewed
P011-I10,11,cabinetry_hardware,inventory_images/cabinetry_hardware/P011-I10_p011_img_10.png,e,mesh_variant_material,unreviewed
P011-I11,11,cabinetry_hardware,inventory_images/cabinetry_hardware/P011-I11_p011_img_11.png,,mesh_variant_material,unreviewed
P011-I12,11,cabinetry_hardware,inventory_images/cabinetry_hardware/P011-I12_p011_img_12.png,,mesh_variant_material,unreviewed
P011-I13,11,cabinetry_hardware,inventory_images/cabinetry_hardware/P011-I13_p011_img_13.png,,mesh_variant_material,unreviewed
P011-I14,11,cabinetry_hardware,inventory_images/cabinetry_hardware/P011-I14_p011_img_14.png,,mesh_variant_material,unreviewed
P012-I01,12,cabinetry_hardware,inventory_images/cabinetry_hardware/P012-I01_p012_img_01.png,Hadley: Lyon: Br Black,mesh_variant_material,unreviewed
P012-I02,12,cabinetry_hardware,inventory_images/cabinetry_hardware/P012-I02_p012_img_02.png,Brushed Antique Bru Brass,mesh_variant_material,unreviewed
P012-I03,12,cabinetry_hardware,inventory_images/cabinetry_hardware/P012-I03_p012_img_03.png,hrome Polished Nickel ckel Brushed Gold,mesh_variant_material,unreviewed
P012-I04,12,cabinetry_hardware,inventory_images/cabinetry_hardware/P012-I04_p012_img_04.png,Brushed Oil Rubbed Bronze,mesh_variant_material,unreviewed
P012-I05,12,cabinetry_hardware,inventory_images/cabinetry_hardware/P012-I05_p012_img_05.png,Brushed Antique Bru Brass Dis Dark Bronze er,mesh_variant_material,unreviewed
P012-I06,12,cabinetry_hardware,inventory_images/cabinetry_hardware/P012-I06_p012_img_06.png,Brushed Oil Rubbed Bronze Distressed Antique Silver,mesh_variant_material,unreviewed
P012-I07,12,cabinetry_hardware,inventory_images/cabinetry_hardware/P012-I07_p012_img_07.png,Brushed Pewter Stanton: Gun Metal Po,mesh_variant_material,unreviewed
P012-I08,12,cabinetry_hardware,inventory_images/cabinetry_hardware/P012-I08_p012_img_08.png,Dis Dark Bronze er Polished Chrome,mesh_variant_material,unreviewed
P012-I09,12,cabinetry_hardware,inventory_images/cabinetry_hardware/P012-I09_p012_img_09.png,Distressed Antique Silver e Polished Nickel,mesh_variant_material,unreviewed
P012-I10,12,cabinetry_hardware,inventory_images/cabinetry_hardware/P012-I10_p012_img_10.png,Stanton: Gun Metal Po Satin Bronze,mesh_variant_material,unreviewed
P012-I11,12,cabinetry_hardware,inventory_images/cabinetry_hardware/P012-I11_p012_img_11.png,Polished Chrome Satin Nickel B,mesh_variant_material,unreviewed
P012-I12,12,cabinetry_hardware,inventory_images/cabinetry_hardware/P012-I12_p012_img_12.png,Bru Black Brushed Pewter,mesh_variant_material,unreviewed
P013-I01,13,cabinetry_hardware,inventory_images/cabinetry_hardware/P013-I01_p013_img_01.png,Hadley: Marlo: Brushed Oil Rubbed Bronze,mesh_variant_material,unreviewed
P013-I02,13,cabinetry_hardware,inventory_images/cabinetry_hardware/P013-I02_p013_img_02.png,Brushed Pewter,mesh_variant_material,unreviewed
P013-I03,13,cabinetry_hardware,inventory_images/cabinetry_hardware/P013-I03_p013_img_03.png,Polished Chrome,mesh_variant_material,unreviewed
P013-I04,13,cabinetry_hardware,inventory_images/cabinetry_hardware/P013-I04_p013_img_04.png,Brushed Oil Rubbed Bronze Polished Nickel Naples:,mesh_variant_material,unreviewed
P013-I05,13,cabinetry_hardware,inventory_images/cabinetry_hardware/P013-I05_p013_img_05.png,Brushed Pewter Satin Nickel,mesh_variant_material,unreviewed
P013-I06,13,cabinetry_hardware,inventory_images/cabinetry_hardware/P013-I06_p013_img_06.png,Dark Bronze e Satin Bronze,mesh_variant_material,unreviewed
P013-I07,13,cabinetry_hardware,inventory_images/cabinetry_hardware/P013-I07_p013_img_07.png,Matte Black,mesh_variant_material,unreviewed
P013-I08,13,cabinetry_hardware,inventory_images/cabinetry_hardware/P013-I08_p013_img_08.png,Matte Black Satin Nickel,mesh_variant_material,unreviewed
P013-I09,13,cabinetry_hardware,inventory_images/cabinetry_hardware/P013-I09_p013_img_09.png,Satin Nickel M d Dark Bronze,mesh_variant_material,unreviewed
P013-I10,13,cabinetry_hardware,inventory_images/cabinetry_hardware/P013-I10_p013_img_10.png,Stanton: Brushed Gold Polished Chrome,mesh_variant_material,unreviewed
P013-I11,13,cabinetry_hardware,inventory_images/cabinetry_hardware/P013-I11_p013_img_11.png,Polished Nickel S Naples: Stanton: Brushed Gold D,mesh_variant_material,unreviewed
P013-I12,13,cabinetry_hardware,inventory_images/cabinetry_hardware/P013-I12_p013_img_12.png,Polished Chrom,mesh_variant_material,unreviewed
P013-I13,13,cabinetry_hardware,inventory_images/cabinetry_hardware/P013-I13_p013_img_13.png,Polished Chrome Sat,mesh_variant_material,unreviewed
P013-I14,13,cabinetry_hardware,inventory_images/cabinetry_hardware/P013-I14_p013_img_14.png,rome Satin Bronze,mesh_variant_material,unreviewed
P013-I15,13,cabinetry_hardware,inventory_images/cabinetry_hardware/P013-I15_p013_img_15.png,nze Satin Nickel,mesh_variant_material,unreviewed
P013-I16,13,cabinetry_hardware,inventory_images/cabinetry_hardware/P013-I16_p013_img_16.png,Satin Bronze Sa,mesh_variant_material,unreviewed
P013-I17,13,cabinetry_hardware,inventory_images/cabinetry_hardware/P013-I17_p013_img_17.png,Satin Nickel,mesh_variant_material,unreviewed
P014-I01,14,cabinetry_hardware,inventory_images/cabinetry_hardware/P014-I01_p014_img_01.png,14,mesh_variant_material,unreviewed
P014-I02,14,cabinetry_hardware,inventory_images/cabinetry_hardware/P014-I02_p014_img_02.png,,mesh_variant_material,unreviewed
P014-I03,14,cabinetry_hardware,inventory_images/cabinetry_hardware/P014-I03_p014_img_03.png,,mesh_variant_material,unreviewed
P014-I04,14,cabinetry_hardware,inventory_images/cabinetry_hardware/P014-I04_p014_img_04.png,Polished Chrome Roman: Brushed Gold,mesh_variant_material,unreviewed
P014-I05,14,cabinetry_hardware,inventory_images/cabinetry_hardware/P014-I05_p014_img_05.png,Hadley: Regan: Brushed Oil Rubbed Bronze,mesh_variant_material,unreviewed
P014-I06,14,cabinetry_hardware,inventory_images/cabinetry_hardware/P014-I06_p014_img_06.png,Brushed Pewter e,mesh_variant_material,unreviewed
P014-I07,14,cabinetry_hardware,inventory_images/cabinetry_hardware/P014-I07_p014_img_07.png,r Matte Black,mesh_variant_material,unreviewed
P014-I08,14,cabinetry_hardware,inventory_images/cabinetry_hardware/P014-I08_p014_img_08.png,Brushed Oil B Rubbed Bronze Polished Chrome Roman:,mesh_variant_material,unreviewed
P014-I09,14,cabinetry_hardware,inventory_images/cabinetry_hardware/P014-I09_p014_img_09.png,Brushed Pewter e Satin Nickel,mesh_variant_material,unreviewed
P014-I10,14,cabinetry_hardware,inventory_images/cabinetry_hardware/P014-I10_p014_img_10.png,me Satin Nickel Brushed Oil d Rubbed Bronze,mesh_variant_material,unreviewed
P014-I11,14,cabinetry_hardware,inventory_images/cabinetry_hardware/P014-I11_p014_img_11.png,Brushed Pewter,mesh_variant_material,unreviewed
P014-I12,14,cabinetry_hardware,inventory_images/cabinetry_hardware/P014-I12_p014_img_12.png,Brushed Gold Stanton: Matte Black P,mesh_variant_material,unreviewed
P014-I13,14,cabinetry_hardware,inventory_images/cabinetry_hardware/P014-I13_p014_img_13.png,Brushed Oil d Rubbed Bronze Polished Chrome,mesh_variant_material,unreviewed
P014-I14,14,cabinetry_hardware,inventory_images/cabinetry_hardware/P014-I14_p014_img_14.png,Brushed Pewter e Polished Nickel,mesh_variant_material,unreviewed
P014-I15,14,cabinetry_hardware,inventory_images/cabinetry_hardware/P014-I15_p014_img_15.png,Stanton: Matte Black Po Satin Bronze Roman Knobs:,mesh_variant_material,unreviewed
P014-I16,14,cabinetry_hardware,inventory_images/cabinetry_hardware/P014-I16_p014_img_16.png,Polished Chrome Satin Nickel,mesh_variant_material,unreviewed
P014-I17,14,cabinetry_hardware,inventory_images/cabinetry_hardware/P014-I17_p014_img_17.png,nze Satin Nickel,mesh_variant_material,unreviewed
P014-I18,14,cabinetry_hardware,inventory_images/cabinetry_hardware/P014-I18_p014_img_18.png,Satin Nickel,mesh_variant_material,unreviewed
P014-I19,14,cabinetry_hardware,inventory_images/cabinetry_hardware/P014-I19_p014_img_19.png,Nickel,mesh_variant_material,unreviewed
P014-I20,14,cabinetry_hardware,inventory_images/cabinetry_hardware/P014-I20_p014_img_20.png,,mesh_variant_material,unreviewed
P015-I01,15,cabinetry_hardware,inventory_images/cabinetry_hardware/P015-I01_p015_img_01.png,r Polished Chrome,mesh_variant_material,unreviewed
P015-I02,15,cabinetry_hardware,inventory_images/cabinetry_hardware/P015-I02_p015_img_02.png,Brushed Pewter P e,mesh_variant_material,unreviewed
P015-I03,15,cabinetry_hardware,inventory_images/cabinetry_hardware/P015-I03_p015_img_03.png,Seaver: Brushed Oil B Rubbed Bronze,mesh_variant_material,unreviewed
P015-I04,15,cabinetry_hardware,inventory_images/cabinetry_hardware/P015-I04_p015_img_04.png,Brushed Oil B Rubbed Bronze Satin Nickel Seaver Knobs:,mesh_variant_material,unreviewed
P015-I05,15,cabinetry_hardware,inventory_images/cabinetry_hardware/P015-I05_p015_img_05.png,I DID NOT SEE THIS HARDWAR,mesh_variant_material,unreviewed
P015-I06,15,cabinetry_hardware,inventory_images/cabinetry_hardware/P015-I06_p015_img_06.png,bs: E THIS HARDWARE COLLECTION IN,mesh_variant_material,unreviewed
P015-I07,15,cabinetry_hardware,inventory_images/cabinetry_hardware/P015-I07_p015_img_07.png,E COLLECTION IN SHOWROOM,mesh_variant_material,unreviewed
P015-I08,15,cabinetry_hardware,inventory_images/cabinetry_hardware/P015-I08_p015_img_08.png,N SHOWROOM,mesh_variant_material,unreviewed
P016-I01,16,cabinetry_hardware,inventory_images/cabinetry_hardware/P016-I01_p016_img_01.png,k Satin Bronze,mesh_variant_material,unreviewed
P016-I02,16,cabinetry_hardware,inventory_images/cabinetry_hardware/P016-I02_p016_img_02.png,Sedona: Matte Black Sedona Knobs:,mesh_variant_material,unreviewed
P016-I03,16,cabinetry_hardware,inventory_images/cabinetry_hardware/P016-I03_p016_img_03.png,Satin Nickel,mesh_variant_material,unreviewed
P016-I04,16,cabinetry_hardware,inventory_images/cabinetry_hardware/P016-I04_p016_img_04.png,Matte Black Satin a Knobs:,mesh_variant_material,unreviewed
P016-I05,16,cabinetry_hardware,inventory_images/cabinetry_hardware/P016-I05_p016_img_05.png,Matte Black Sedona Knobs: Slade:,mesh_variant_material,unreviewed
P016-I06,16,cabinetry_hardware,inventory_images/cabinetry_hardware/P016-I06_p016_img_06.png,Satin Bronze,mesh_variant_material,unreviewed
P016-I07,16,cabinetry_hardware,inventory_images/cabinetry_hardware/P016-I07_p016_img_07.png,Slade: Brushed Oil Rubbed Bronze,mesh_variant_material,unreviewed
P016-I08,16,cabinetry_hardware,inventory_images/cabinetry_hardware/P016-I08_p016_img_08.png,Brushed Pewter,mesh_variant_material,unreviewed
P016-I09,16,cabinetry_hardware,inventory_images/cabinetry_hardware/P016-I09_p016_img_09.png,Gun Metal,mesh_variant_material,unreviewed
P016-I10,16,cabinetry_hardware,inventory_images/cabinetry_hardware/P016-I10_p016_img_10.png,Brushed Oil Rubbed Bronze Polished Chrome Slade Knobs:,mesh_variant_material,unreviewed
P016-I11,16,cabinetry_hardware,inventory_images/cabinetry_hardware/P016-I11_p016_img_11.png,Brushed Pewter e Satin Nickel,mesh_variant_material,unreviewed
P016-I12,16,cabinetry_hardware,inventory_images/cabinetry_hardware/P016-I12_p016_img_12.png,Slade Knobs:,mesh_variant_material,unreviewed
P016-I13,16,cabinetry_hardware,inventory_images/cabinetry_hardware/P016-I13_p016_img_13.png,Knobs:,mesh_variant_material,unreviewed
P016-I14,16,cabinetry_hardware,inventory_images/cabinetry_hardware/P016-I14_p016_img_14.png,,mesh_variant_material,unreviewed
P016-I15,16,cabinetry_hardware,inventory_images/cabinetry_hardware/P016-I15_p016_img_15.png,Satin Nickel,mesh_variant_material,unreviewed
P016-I16,16,cabinetry_hardware,inventory_images/cabinetry_hardware/P016-I16_p016_img_16.png,n Nickel,mesh_variant_material,unreviewed
P017-I01,17,cabinetry_hardware,inventory_images/cabinetry_hardware/P017-I01_p017_img_01.png,Hadley: Somerset: Brushed Oil B Rubbed Bronze,mesh_variant_material,unreviewed
P017-I02,17,cabinetry_hardware,inventory_images/cabinetry_hardware/P017-I02_p017_img_02.png,Brushed Pewter ze,mesh_variant_material,unreviewed
P017-I03,17,cabinetry_hardware,inventory_images/cabinetry_hardware/P017-I03_p017_img_03.png,r Matte Black,mesh_variant_material,unreviewed
P017-I04,17,cabinetry_hardware,inventory_images/cabinetry_hardware/P017-I04_p017_img_04.png,Brushed Oil Br Rubbed Bronze Polished Chrome S Sonoma Knobs: I DID NOT SEE TH,mesh_variant_material,unreviewed
P017-I05,17,cabinetry_hardware,inventory_images/cabinetry_hardware/P017-I05_p017_img_05.png,Brushed Pewter e me Satin Bronze ID NOT SEE THIS HARDWARE COLLECTION,mesh_variant_material,unreviewed
P017-I06,17,cabinetry_hardware,inventory_images/cabinetry_hardware/P017-I06_p017_img_06.png,r Matte Black Satin Nickel COLLECTION IN SHOWROOM,mesh_variant_material,unreviewed
P017-I07,17,cabinetry_hardware,inventory_images/cabinetry_hardware/P017-I07_p017_img_07.png,Sonoma Knobs: I DID N Stanton: Stanton:,mesh_variant_material,unreviewed
P017-I08,17,cabinetry_hardware,inventory_images/cabinetry_hardware/P017-I08_p017_img_08.png,Knobs: I DID NOT SEE THIS HAR,mesh_variant_material,unreviewed
P017-I09,17,cabinetry_hardware,inventory_images/cabinetry_hardware/P017-I09_p017_img_09.png,ECTION IN SHOWROOM,mesh_variant_material,unreviewed
P017-I10,17,cabinetry_hardware,inventory_images/cabinetry_hardware/P017-I10_p017_img_10.png,OT SEE THIS HARDWARE COLLE,mesh_variant_material,unreviewed
P017-I11,17,cabinetry_hardware,inventory_images/cabinetry_hardware/P017-I11_p017_img_11.png,RDWARE COLLECTION IN SHOWRO,mesh_variant_material,unreviewed
P017-I12,17,cabinetry_hardware,inventory_images/cabinetry_hardware/P017-I12_p017_img_12.png,Stanton: Stanton: Brushed Gold Po,mesh_variant_material,unreviewed
P017-I13,17,cabinetry_hardware,inventory_images/cabinetry_hardware/P017-I13_p017_img_13.png,Matte Black,mesh_variant_material,unreviewed
P017-I14,17,cabinetry_hardware,inventory_images/cabinetry_hardware/P017-I14_p017_img_14.png,Brushed Gold P Polished Chrome,mesh_variant_material,unreviewed
P017-I15,17,cabinetry_hardware,inventory_images/cabinetry_hardware/P017-I15_p017_img_15.png,Polished Chrome,mesh_variant_material,unreviewed
P017-I16,17,cabinetry_hardware,inventory_images/cabinetry_hardware/P017-I16_p017_img_16.png,Polished Chrome Satin Bronze me,mesh_variant_material,unreviewed
P017-I17,17,cabinetry_hardware,inventory_images/cabinetry_hardware/P017-I17_p017_img_17.png,Matte Black Satin Nickel,mesh_variant_material,unreviewed
P018-I01,18,cabinetry_hardware,inventory_images/cabinetry_hardware/P018-I01_p018_img_01.png,Brushed Oil Rubbed Bronze Polished Chrome,mesh_variant_material,unreviewed
P018-I02,18,cabinetry_hardware,inventory_images/cabinetry_hardware/P018-I02_p018_img_02.png,Brushed Gold Stanton: Matte Black Satin Nickel,mesh_variant_material,unreviewed
P018-I03,18,cabinetry_hardware,inventory_images/cabinetry_hardware/P018-I03_p018_img_03.png,Brushed Oil Rubbed Bronze Polished Chrome Thatcher:,mesh_variant_material,unreviewed
P018-I04,18,cabinetry_hardware,inventory_images/cabinetry_hardware/P018-I04_p018_img_04.png,Polished Chrome Thatcher: Brushed Gold Stanton:,mesh_variant_material,unreviewed
P018-I05,18,cabinetry_hardware,inventory_images/cabinetry_hardware/P018-I05_p018_img_05.png,Hadley: Strickland: Brushed Oil Rubbed Bronze,mesh_variant_material,unreviewed
P018-I06,18,cabinetry_hardware,inventory_images/cabinetry_hardware/P018-I06_p018_img_06.png,Brushed Pewter,mesh_variant_material,unreviewed
P018-I07,18,cabinetry_hardware,inventory_images/cabinetry_hardware/P018-I07_p018_img_07.png,Matte Black,mesh_variant_material,unreviewed
P018-I08,18,cabinetry_hardware,inventory_images/cabinetry_hardware/P018-I08_p018_img_08.png,e Brushed Oil Rubbed Bronze,mesh_variant_material,unreviewed
P018-I09,18,cabinetry_hardware,inventory_images/cabinetry_hardware/P018-I09_p018_img_09.png,Brushed Pewter,mesh_variant_material,unreviewed
P018-I10,18,cabinetry_hardware,inventory_images/cabinetry_hardware/P018-I10_p018_img_10.png,Brushed Pewter Satin Bronze,mesh_variant_material,unreviewed
P018-I11,18,cabinetry_hardware,inventory_images/cabinetry_hardware/P018-I11_p018_img_11.png,Stanton: Matte Black Satin Nickel Thatcher Knobs:,mesh_variant_material,unreviewed
P018-I12,18,cabinetry_hardware,inventory_images/cabinetry_hardware/P018-I12_p018_img_12.png,Satin Nickel Thatcher Knobs:,mesh_variant_material,unreviewed
P018-I13,18,cabinetry_hardware,inventory_images/cabinetry_hardware/P018-I13_p018_img_13.png,Satin Nickel atcher Knobs:,mesh_variant_material,unreviewed
P018-I14,18,cabinetry_hardware,inventory_images/cabinetry_hardware/P018-I14_p018_img_14.png,n Nickel nobs:,mesh_variant_material,unreviewed
P018-I15,18,cabinetry_hardware,inventory_images/cabinetry_hardware/P018-I15_p018_img_15.png,,mesh_variant_material,unreviewed
P018-I16,18,cabinetry_hardware,inventory_images/cabinetry_hardware/P018-I16_p018_img_16.png,,mesh_variant_material,unreviewed
P018-I17,18,cabinetry_hardware,inventory_images/cabinetry_hardware/P018-I17_p018_img_17.png,,mesh_variant_material,unreviewed
P018-I18,18,cabinetry_hardware,inventory_images/cabinetry_hardware/P018-I18_p018_img_18.png,,mesh_variant_material,unreviewed
P019-I01,19,cabinetry_hardware,inventory_images/cabinetry_hardware/P019-I01_p019_img_01.png,Brushed Pewter e Satin Nickel,mesh_variant_material,unreviewed
P019-I02,19,cabinetry_hardware,inventory_images/cabinetry_hardware/P019-I02_p019_img_02.png,Stanton: Brushed Oil Rubbed Bronze Polished Chrome Zachary Knobs:,mesh_variant_material,unreviewed
P019-I03,19,cabinetry_hardware,inventory_images/cabinetry_hardware/P019-I03_p019_img_03.png,Zachary: Stanton: Brushed Oil Rubbed Bronze,mesh_variant_material,unreviewed
P019-I04,19,cabinetry_hardware,inventory_images/cabinetry_hardware/P019-I04_p019_img_04.png,Brushed Pewter,mesh_variant_material,unreviewed
P019-I05,19,cabinetry_hardware,inventory_images/cabinetry_hardware/P019-I05_p019_img_05.png,r Matte Black,mesh_variant_material,unreviewed
P019-I06,19,cabinetry_hardware,inventory_images/cabinetry_hardware/P019-I06_p019_img_06.png,Hadley: Watervale: Brushed Oil Rubbed Bronze,mesh_variant_material,unreviewed
P019-I07,19,cabinetry_hardware,inventory_images/cabinetry_hardware/P019-I07_p019_img_07.png,Brushed Pewter,mesh_variant_material,unreviewed
P019-I08,19,cabinetry_hardware,inventory_images/cabinetry_hardware/P019-I08_p019_img_08.png,Polished Chrome,mesh_variant_material,unreviewed
P019-I09,19,cabinetry_hardware,inventory_images/cabinetry_hardware/P019-I09_p019_img_09.png,Brushed Oil Rubbed Bronze Satin Nickel Watervale Knobs: I DID NOT,mesh_variant_material,unreviewed
P019-I10,19,cabinetry_hardware,inventory_images/cabinetry_hardware/P019-I10_p019_img_10.png,Satin Nickel Watervale Knobs: I DI Zachary:,mesh_variant_material,unreviewed
P019-I11,19,cabinetry_hardware,inventory_images/cabinetry_hardware/P019-I11_p019_img_11.png,SEE THIS HARDWARE COLLECTIO,mesh_variant_material,unreviewed
P019-I12,19,cabinetry_hardware,inventory_images/cabinetry_hardware/P019-I12_p019_img_12.png,kel bs: I DID NOT SEE THIS HARDWA,mesh_variant_material,unreviewed
P019-I13,19,cabinetry_hardware,inventory_images/cabinetry_hardware/P019-I13_p019_img_13.png,Satin Nickel ervale Knobs: I DID NOT SEE T ary:,mesh_variant_material,unreviewed
P019-I14,19,cabinetry_hardware,inventory_images/cabinetry_hardware/P019-I14_p019_img_14.png,Polished Chrome Zachary Knobs:,mesh_variant_material,unreviewed
P019-I15,19,cabinetry_hardware,inventory_images/cabinetry_hardware/P019-I15_p019_img_15.png,Polished Chrome ary Knobs:,mesh_variant_material,unreviewed
P019-I16,19,cabinetry_hardware,inventory_images/cabinetry_hardware/P019-I16_p019_img_16.png,Chrome Satin Nic bs:,mesh_variant_material,unreviewed
P019-I17,19,cabinetry_hardware,inventory_images/cabinetry_hardware/P019-I17_p019_img_17.png,Satin Nickel,mesh_variant_material,unreviewed
P019-I18,19,cabinetry_hardware,inventory_images/cabinetry_hardware/P019-I18_p019_img_18.png,atin Nickel,mesh_variant_material,unreviewed
P023-I01,23,door_hardware,inventory_images/door_hardware/P023-I01_p023_img_01.png,Closet Doo Aged Bronze An,mesh_variant_material,unreviewed
P023-I02,23,door_hardware,inventory_images/door_hardware/P023-I02_p023_img_02.png,Closet Door Pull Hardware Antique Brass Sa,mesh_variant_material,unreviewed
P023-I03,23,door_hardware,inventory_images/door_hardware/P023-I03_p023_img_03.png,Antique Brass Sat nze Polished Brass Sa,mesh_variant_material,unreviewed
P023-I04,23,door_hardware,inventory_images/door_hardware/P023-I04_p023_img_04.png,Hardware s Satin Chrome,mesh_variant_material,unreviewed
P023-I05,23,door_hardware,inventory_images/door_hardware/P023-I05_p023_img_05.png,ss Satin Chrome ss Satin Nickel,mesh_variant_material,unreviewed
P023-I06,23,door_hardware,inventory_images/door_hardware/P023-I06_p023_img_06.png,Aged Bronze An Oil Rubbed Bronze Pol,mesh_variant_material,unreviewed
P024-I01,24,door_hardware,inventory_images/door_hardware/P024-I01_p024_img_01.png,Passage Pock Aged Bronze A,mesh_variant_material,unreviewed
P024-I02,24,door_hardware,inventory_images/door_hardware/P024-I02_p024_img_02.png,Passage Pocket Door Hardware ze Antique Brass Sat,mesh_variant_material,unreviewed
P024-I03,24,door_hardware,inventory_images/door_hardware/P024-I03_p024_img_03.png,or Hardware ss Satin Chrome,mesh_variant_material,unreviewed
P024-I04,24,door_hardware,inventory_images/door_hardware/P024-I04_p024_img_04.png,ze Antique Brass Sa ronze Polished Brass S,mesh_variant_material,unreviewed
P024-I05,24,door_hardware,inventory_images/door_hardware/P024-I05_p024_img_05.png,ss Satin Chrome ss Satin Nickel,mesh_variant_material,unreviewed
P024-I06,24,door_hardware,inventory_images/door_hardware/P024-I06_p024_img_06.png,Aged Bronze Ant Oil Rubbed Bronze Poli,mesh_variant_material,unreviewed
P025-I01,25,door_hardware,inventory_images/door_hardware/P025-I01_p025_img_01.png,Antique Brass Satin Nickel,mesh_variant_material,unreviewed
P025-I02,25,door_hardware,inventory_images/door_hardware/P025-I02_p025_img_02.png,Aged Bronze Polished Brass,mesh_variant_material,unreviewed
P025-I03,25,door_hardware,inventory_images/door_hardware/P025-I03_p025_img_03.png,ket Door Hardware Antique Brass,mesh_variant_material,unreviewed
P025-I04,25,door_hardware,inventory_images/door_hardware/P025-I04_p025_img_04.png,Privacy Pocket Door Aged Bronze,mesh_variant_material,unreviewed
P026-I01,26,door_hardware,inventory_images/door_hardware/P026-I01_p026_img_01.png,Barn Door Hardware,mesh_variant_material,unreviewed
P026-I02,26,door_hardware,inventory_images/door_hardware/P026-I02_p026_img_02.png,26,mesh_variant_material,unreviewed
P028-I01,28,fire_rated_doors,inventory_images/fire_rated_doors/P028-I01_p028_img_01.png,Fire Rate Garage to,parametric_door,unreviewed
P028-I02,28,fire_rated_doors,inventory_images/fire_rated_doors/P028-I02_p028_img_02.png,rage to Interior Doors,parametric_door,unreviewed
P030-I01,30,garage_doors,inventory_images/garage_doors/P030-I01_p030_img_01.png,Garage Doors ional Steel Door – Homeowner to select paint co Short Panel Long Panel,parametric_door,unreviewed
P030-I02,30,garage_doors,inventory_images/garage_doors/P030-I02_p030_img_02.png,Long Panel,parametric_door,unreviewed
P032-I01,32,interior_doors,inventory_images/interior_doors/P032-I01_p032_img_01.png,Inter,parametric_door,unreviewed
P032-I02,32,interior_doors,inventory_images/interior_doors/P032-I02_p032_img_02.png,Interior Doors,parametric_door,unreviewed
P032-I03,32,interior_doors,inventory_images/interior_doors/P032-I03_p032_img_03.png,oors,parametric_door,unreviewed
P033-I01,33,interior_doors,inventory_images/interior_doors/P033-I01_p033_img_01.png,nterior Doors,parametric_door,unreviewed
P033-I02,33,interior_doors,inventory_images/interior_doors/P033-I02_p033_img_02.png,Interior Doo,parametric_door,unreviewed
P035-I01,35,wall_finish,inventory_images/wall_finish/P035-I01_p035_img_01.png,Interior Drywall F Orange Peel (Select one for wall Knockdown,surface_material,unreviewed
P035-I02,35,wall_finish,inventory_images/wall_finish/P035-I02_p035_img_02.png,or Drywall Finish Knockdown ct one for walls) nockdown,surface_material,unreviewed
P035-I03,35,wall_finish,inventory_images/wall_finish/P035-I03_p035_img_03.png,(Select one for walls) Knockdown Platinum Features Ceiling Drywall Finish,surface_material,unreviewed
P036-I01,36,wall_finish,inventory_images/wall_finish/P036-I01_p036_img_01.png,Exterior Stucco Wall Finish Linear Skip Trowel erior Garage Wall & Porch Ceiling Finish Smooth Stucco,surface_material,unreviewed
P036-I02,36,wall_finish,inventory_images/wall_finish/P036-I02_p036_img_02.png,Smooth Stucco,surface_material,unreviewed
P038-I01,38,pavers,inventory_images/pavers/P038-I01_p038_img_01.png,e Glacier,surface_material_pattern,unreviewed
P038-I02,38,pavers,inventory_images/pavers/P038-I02_p038_img_02.png,Lion’s Bridge,surface_material_pattern,unreviewed
P038-I03,38,pavers,inventory_images/pavers/P038-I03_p038_img_03.png,S Autumn Blend Lion’s Bridge,surface_material_pattern,unreviewed
P038-I04,38,pavers,inventory_images/pavers/P038-I04_p038_img_04.png,Sierra Glacier,surface_material_pattern,unreviewed
P038-I05,38,pavers,inventory_images/pavers/P038-I05_p038_img_05.png,Sand Dune d Lion’s Bridge Glacier,surface_material_pattern,unreviewed
P040-I01,40,railing,inventory_images/railing/P040-I01_p040_img_01.png,,parametric_linear_system,unreviewed
P040-I02,40,railing,inventory_images/railing/P040-I02_p040_img_02.png,Exterior & Interior Railing,parametric_linear_system,unreviewed
P040-I03,40,railing,inventory_images/railing/P040-I03_p040_img_03.png,,parametric_linear_system,unreviewed
P040-I04,40,railing,inventory_images/railing/P040-I04_p040_img_04.png,40,parametric_linear_system,unreviewed
P042-I02,42,roofing,inventory_images/roofing/P042-I02_p042_img_02.png,"_______________________________ 4502 Arcadia Canyon Brown— Hues of Dark Brown, Black Streaks",surface_material_pattern,unreviewed
P042-I03,42,roofing,inventory_images/roofing/P042-I03_p042_img_03.png,"4402 Santa Cruz Blend— 4502 A Blend of Tan, Reddish Brown, Brown Hues of 4503 Sierra Madre— 4511 F Hues of Charcoal, Black Streaks Hues o",surface_material_pattern,unreviewed
P042-I04,42,roofing,inventory_images/roofing/P042-I04_p042_img_04.png,"4502 Arcadia Canyon Brown— Hues of Dark Brown, Black Streaks 4511 Flintridge Gray— Hues of Natural Gray, Black Streaks",surface_material_pattern,unreviewed
P042-I05,42,roofing,inventory_images/roofing/P042-I05_p042_img_05.png,"Bel Air__________________________ 4402 Santa Cruz Blend— 4502 A Blend of Tan, Reddish Brown, Brown Hues o",surface_material_pattern,unreviewed
P042-I06,42,roofing,inventory_images/roofing/P042-I06_p042_img_06.png,"4503 Sierra Madre— 4511 F Hues of Charcoal, Black Streaks Hues of 4549 Santa Paula— 4591 D Hues of Tan, Cream, Brown Streaks Range o",surface_material_pattern,unreviewed
P042-I07,42,roofing,inventory_images/roofing/P042-I07_p042_img_07.png,"4511 Flintridge Gray— Hues of Natural Gray, Black Streaks 4591 Dark Gray Range— Range of Dark Charcoal",surface_material_pattern,unreviewed
P043-I02,43,roofing,inventory_images/roofing/P043-I02_p043_img_02.png,"Bel Air___________________________ 4602 Concord Blend — 4620 B Hues of Charcoal, Tan Hues of",surface_material_pattern,unreviewed
P043-I03,43,roofing,inventory_images/roofing/P043-I03_p043_img_03.png,"_______________________________ 4620 Bloomingdale Blend— Hues of Gray, Eggplant, Gold",surface_material_pattern,unreviewed
P043-I04,43,roofing,inventory_images/roofing/P043-I04_p043_img_04.png,"4602 Concord Blend — 4620 B Hues of Charcoal, Tan Hues of 4664 Terracambra Range— 4671 V Range of Terracotta Blend o",surface_material_pattern,unreviewed
P043-I05,43,roofing,inventory_images/roofing/P043-I05_p043_img_05.png,"4620 Bloomingdale Blend— Hues of Gray, Eggplant, Gold 4671 Village Blend— Blend of Peachy Tan, Taupe, Brown, Dark Brown",surface_material_pattern,unreviewed
P043-I06,43,roofing,inventory_images/roofing/P043-I06_p043_img_06.png,4664 Terracambra Range— 4671 V Range of Terracotta Blend of 4679 Light Gay Range— 4687 B Range of Light Gray Range o,surface_material_pattern,unreviewed
P043-I07,43,roofing,inventory_images/roofing/P043-I07_p043_img_07.png,"4671 Village Blend— Blend of Peachy Tan, Taupe, Brown, Dark Brown 4687 Brown Gray Range— Range of Brown, Gray",surface_material_pattern,unreviewed
P044-I02,44,roofing,inventory_images/roofing/P044-I02_p044_img_02.png,_______________________________ 4698 Kona Red Range— Range of Red,surface_material_pattern,unreviewed
P044-I03,44,roofing,inventory_images/roofing/P044-I03_p044_img_03.png,"4773 Walnut Creek Blend— 4804 R Blend of Tan, Orange, Dark Brown Blend o 4880 Shasta Blend— 4883 H Blend of Brown, Natural Grey, Tan, W/Streaks Blend o W/ Str",surface_material_pattern,unreviewed
P044-I04,44,roofing,inventory_images/roofing/P044-I04_p044_img_04.png,"4689 Brown Range— 4698 K Range of Brown Range o 4773 Walnut Creek Blend— 4804 R Blend of Tan, Orange, Dark Brown Blend o",surface_material_pattern,unreviewed
P044-I05,44,roofing,inventory_images/roofing/P044-I05_p044_img_05.png,Bel Air___________________________ 4689 Brown Range— 4698 K Range of Brown Range o,surface_material_pattern,unreviewed
P044-I06,44,roofing,inventory_images/roofing/P044-I06_p044_img_06.png,"4698 Kona Red Range— Range of Red 4804 Rocklin Blend— Blend of Brown, Light Brown, Mocha",surface_material_pattern,unreviewed
P044-I07,44,roofing,inventory_images/roofing/P044-I07_p044_img_07.png,"4804 Rocklin Blend— Blend of Brown, Light Brown, Mocha 4883 Hillsborough Blend— Streaks Blend of Brown, Natural Gray, Light Brown, W/ Streaks",surface_material_pattern,unreviewed
P045-I02,45,roofing,inventory_images/roofing/P045-I02_p045_img_02.png,"Blend of Light Brown, Taupe, Gray, Tan an _______________________________ 3503 Sierra Madre— Hues of Charcoal, Black Streaks",surface_material_pattern,unreviewed
P045-I03,45,roofing,inventory_images/roofing/P045-I03_p045_img_03.png,"3402 Santa Cruz Blend— 3503 S Blend of Tan, Reddish Brown, Brown Hues of 3549 Santa Paula— 3581 A Hues of Tan, Cream, Brown Streaks Hues of",surface_material_pattern,unreviewed
P045-I04,45,roofing,inventory_images/roofing/P045-I04_p045_img_04.png,"________________________________ 49604 Maple Creek Blend— SRB 88 Blend Blend of Light Brown, Taupe, Gray, Tan Capistrano_______________________",surface_material_pattern,unreviewed
P045-I05,45,roofing,inventory_images/roofing/P045-I05_p045_img_05.png,"__________________________Bel Air SRB 8828 Bridgeport Blend Copper— Blend of Light Brown, Taupe, Gray, Tan an _______________________________",surface_material_pattern,unreviewed
P045-I06,45,roofing,inventory_images/roofing/P045-I06_p045_img_06.png,"Blend Blend of Light Brown, Taupe, Gray, Tan Capistrano_______________________ 3402 Santa Cruz Blend— 3503 S Blend of Tan, Reddish Brown, Brown Hues of",surface_material_pattern,unreviewed
P045-I07,45,roofing,inventory_images/roofing/P045-I07_p045_img_07.png,"3503 Sierra Madre— Hues of Charcoal, Black Streaks 3581 Arcadia Canyon Brown— Hues of Dark Brown, Black Streaks",surface_material_pattern,unreviewed
P046-I02,46,roofing,inventory_images/roofing/P046-I02_p046_img_02.png,"_______________________________ 3602 Concord Blend— Blend of Charcoal, Tan",surface_material_pattern,unreviewed
P046-I03,46,roofing,inventory_images/roofing/P046-I03_p046_img_03.png,"3602 C 3591 Dark Gray Range— Range of Dark Charcoal Blend o 3603 Sanborn Blend— 3604 C Blend of Terracotta, Brownish Tan, Black Blend of Streak",surface_material_pattern,unreviewed
P046-I04,46,roofing,inventory_images/roofing/P046-I04_p046_img_04.png,"3602 Concord Blend— Blend of Charcoal, Tan 3604 Carlsbad Blend— ack Blend of Terracotta, Brown, Yellow Streaking",surface_material_pattern,unreviewed
P046-I05,46,roofing,inventory_images/roofing/P046-I05_p046_img_05.png,Capistrano_______________________ 3602 C 3591 Dark Gray Range— Range of Dark Charcoal Blend o,surface_material_pattern,unreviewed
P046-I06,46,roofing,inventory_images/roofing/P046-I06_p046_img_06.png,"3603 Sanborn Blend— 3604 C Blend of Terracotta, Brownish Tan, Black Blend o Streak 3620 Bloomingdale Blend— 3664 T Blend of Gray, Eggplant, Gold Range o",surface_material_pattern,unreviewed
P046-I07,46,roofing,inventory_images/roofing/P046-I07_p046_img_07.png,"3604 Carlsbad Blend— ack Blend of Terracotta, Brown, Yellow Streaking 3664 Terracambra Range— Range of Terracotta",surface_material_pattern,unreviewed
P047-I02,47,roofing,inventory_images/roofing/P047-I02_p047_img_02.png,Capistrano_______________________ 3687 B 3679 Light Gray Range— Range Range of Light Gray,surface_material_pattern,unreviewed
P047-I03,47,roofing,inventory_images/roofing/P047-I03_p047_img_03.png,"_______________________________ 3687 Brown Gray Range— Range of Brown, Gray",surface_material_pattern,unreviewed
P047-I04,47,roofing,inventory_images/roofing/P047-I04_p047_img_04.png,"3687 Brown Gray Range— Range of Brown, Gray 3698 Kona Red Range— Range of Red",surface_material_pattern,unreviewed
P047-I05,47,roofing,inventory_images/roofing/P047-I05_p047_img_05.png,"3698 K 3689 Brown Range— Range o Range of Brown 3723 Adobe Blend— 3725 P Blend of Maroon, Terracotta, Gray, Gold Blend o",surface_material_pattern,unreviewed
P047-I06,47,roofing,inventory_images/roofing/P047-I06_p047_img_06.png,3687 B 3679 Light Gray Range— Range Range of Light Gray 3698 K 3689 Brown Range— Range Range of Brown,surface_material_pattern,unreviewed
P047-I07,47,roofing,inventory_images/roofing/P047-I07_p047_img_07.png,"3698 Kona Red Range— Range of Red 3725 Palm Beach Blend— ld Blend of Eggplant, Gold, Coral",surface_material_pattern,unreviewed
P048-I02,48,roofing,inventory_images/roofing/P048-I02_p048_img_02.png,"Capistrano_______________________ 3773 Walnut Creek Blend— 3816 S Blend of Tan, Orange, Dark Brown Blend o Terraco",surface_material_pattern,unreviewed
P048-I03,48,roofing,inventory_images/roofing/P048-I03_p048_img_03.png,"3773 Walnut Creek Blend— 3816 S Blend of Tan, Orange, Dark Brown Blend o Terraco 39604 Maple Creek Blend— 39609 Blend of Light Brown, Taupe, Gray, Tan Blend o",surface_material_pattern,unreviewed
P048-I04,48,roofing,inventory_images/roofing/P048-I04_p048_img_04.png,"3816 San Ramon Range— Blend of Dark Brown, Tan, Terracotta, Light Terracotta 39609 Lakeport Blend— n Blend of Reddish Browns, with Gray",surface_material_pattern,unreviewed
P048-I05,48,roofing,inventory_images/roofing/P048-I05_p048_img_05.png,"_______________________________ 3816 San Ramon Range— Blend of Dark Brown, Tan, Terracotta, Light Terracotta",surface_material_pattern,unreviewed
P050-I02,50,bathroom_accessories,inventory_images/bathroom_accessories/P050-I02_p050_img_02.png,,mesh_variant_material,unreviewed
P050-I03,50,bathroom_accessories,inventory_images/bathroom_accessories/P050-I03_p050_img_03.png,,mesh_variant_material,unreviewed
P050-I04,50,bathroom_accessories,inventory_images/bathroom_accessories/P050-I04_p050_img_04.png,,mesh_variant_material,unreviewed
P050-I05,50,bathroom_accessories,inventory_images/bathroom_accessories/P050-I05_p050_img_05.png,,mesh_variant_material,unreviewed
P050-I06,50,bathroom_accessories,inventory_images/bathroom_accessories/P050-I06_p050_img_06.png,50,mesh_variant_material,unreviewed
P051-I02,51,bathroom_accessories,inventory_images/bathroom_accessories/P051-I02_p051_img_02.png,,mesh_variant_material,unreviewed
P051-I03,51,bathroom_accessories,inventory_images/bathroom_accessories/P051-I03_p051_img_03.png,,mesh_variant_material,unreviewed
P051-I04,51,bathroom_accessories,inventory_images/bathroom_accessories/P051-I04_p051_img_04.png,,mesh_variant_material,unreviewed
P051-I05,51,bathroom_accessories,inventory_images/bathroom_accessories/P051-I05_p051_img_05.png,,mesh_variant_material,unreviewed
P051-I06,51,bathroom_accessories,inventory_images/bathroom_accessories/P051-I06_p051_img_06.png,51,mesh_variant_material,unreviewed
P052-I02,52,bathroom_accessories,inventory_images/bathroom_accessories/P052-I02_p052_img_02.png,,mesh_variant_material,unreviewed
P052-I03,52,bathroom_accessories,inventory_images/bathroom_accessories/P052-I03_p052_img_03.png,52,mesh_variant_material,unreviewed
P053-I01,53,bathroom_accessories,inventory_images/bathroom_accessories/P053-I01_p053_img_01.png,,mesh_variant_material,unreviewed
P053-I02,53,bathroom_accessories,inventory_images/bathroom_accessories/P053-I02_p053_img_02.png,,mesh_variant_material,unreviewed
P053-I03,53,bathroom_accessories,inventory_images/bathroom_accessories/P053-I03_p053_img_03.png,,mesh_variant_material,unreviewed
P053-I04,53,bathroom_accessories,inventory_images/bathroom_accessories/P053-I04_p053_img_04.png,,mesh_variant_material,unreviewed
P053-I05,53,bathroom_accessories,inventory_images/bathroom_accessories/P053-I05_p053_img_05.png,,mesh_variant_material,unreviewed
P054-I02,54,bathroom_accessories,inventory_images/bathroom_accessories/P054-I02_p054_img_02.png,,mesh_variant_material,unreviewed
P054-I03,54,bathroom_accessories,inventory_images/bathroom_accessories/P054-I03_p054_img_03.png,,mesh_variant_material,unreviewed
P054-I04,54,bathroom_accessories,inventory_images/bathroom_accessories/P054-I04_p054_img_04.png,,mesh_variant_material,unreviewed
P054-I05,54,bathroom_accessories,inventory_images/bathroom_accessories/P054-I05_p054_img_05.png,,mesh_variant_material,unreviewed
P054-I06,54,bathroom_accessories,inventory_images/bathroom_accessories/P054-I06_p054_img_06.png,,mesh_variant_material,unreviewed
P056-I02,56,bathroom_sink_faucet,inventory_images/bathroom_sink_faucet/P056-I02_p056_img_02.png,,mesh_variant_material,unreviewed
P056-I03,56,bathroom_sink_faucet,inventory_images/bathroom_sink_faucet/P056-I03_p056_img_03.png,,mesh_variant_material,unreviewed
P056-I04,56,bathroom_sink_faucet,inventory_images/bathroom_sink_faucet/P056-I04_p056_img_04.png,,mesh_variant_material,unreviewed
P056-I05,56,bathroom_sink_faucet,inventory_images/bathroom_sink_faucet/P056-I05_p056_img_05.png,,mesh_variant_material,unreviewed
P056-I06,56,bathroom_sink_faucet,inventory_images/bathroom_sink_faucet/P056-I06_p056_img_06.png,,mesh_variant_material,unreviewed
P056-I07,56,bathroom_sink_faucet,inventory_images/bathroom_sink_faucet/P056-I07_p056_img_07.png,,mesh_variant_material,unreviewed
P057-I02,57,bathroom_sink_faucet,inventory_images/bathroom_sink_faucet/P057-I02_p057_img_02.png,,mesh_variant_material,unreviewed
P057-I03,57,bathroom_sink_faucet,inventory_images/bathroom_sink_faucet/P057-I03_p057_img_03.png,,mesh_variant_material,unreviewed
P057-I04,57,bathroom_sink_faucet,inventory_images/bathroom_sink_faucet/P057-I04_p057_img_04.png,,mesh_variant_material,unreviewed
P057-I05,57,bathroom_sink_faucet,inventory_images/bathroom_sink_faucet/P057-I05_p057_img_05.png,,mesh_variant_material,unreviewed
P057-I06,57,bathroom_sink_faucet,inventory_images/bathroom_sink_faucet/P057-I06_p057_img_06.png,,mesh_variant_material,unreviewed
P057-I07,57,bathroom_sink_faucet,inventory_images/bathroom_sink_faucet/P057-I07_p057_img_07.png,57,mesh_variant_material,unreviewed
P058-I02,58,bathroom_sink_faucet,inventory_images/bathroom_sink_faucet/P058-I02_p058_img_02.png,,mesh_variant_material,unreviewed
P058-I03,58,bathroom_sink_faucet,inventory_images/bathroom_sink_faucet/P058-I03_p058_img_03.png,,mesh_variant_material,unreviewed
P058-I04,58,bathroom_sink_faucet,inventory_images/bathroom_sink_faucet/P058-I04_p058_img_04.png,,mesh_variant_material,unreviewed
P058-I05,58,bathroom_sink_faucet,inventory_images/bathroom_sink_faucet/P058-I05_p058_img_05.png,,mesh_variant_material,unreviewed
P058-I06,58,bathroom_sink_faucet,inventory_images/bathroom_sink_faucet/P058-I06_p058_img_06.png,,mesh_variant_material,unreviewed
P058-I07,58,bathroom_sink_faucet,inventory_images/bathroom_sink_faucet/P058-I07_p058_img_07.png,58,mesh_variant_material,unreviewed
P059-I02,59,bathroom_sink_faucet,inventory_images/bathroom_sink_faucet/P059-I02_p059_img_02.png,,mesh_variant_material,unreviewed
P059-I03,59,bathroom_sink_faucet,inventory_images/bathroom_sink_faucet/P059-I03_p059_img_03.png,,mesh_variant_material,unreviewed
P059-I04,59,bathroom_sink_faucet,inventory_images/bathroom_sink_faucet/P059-I04_p059_img_04.png,,mesh_variant_material,unreviewed
P059-I05,59,bathroom_sink_faucet,inventory_images/bathroom_sink_faucet/P059-I05_p059_img_05.png,,mesh_variant_material,unreviewed
P060-I02,60,bathroom_sink_faucet,inventory_images/bathroom_sink_faucet/P060-I02_p060_img_02.png,,mesh_variant_material,unreviewed
P060-I03,60,bathroom_sink_faucet,inventory_images/bathroom_sink_faucet/P060-I03_p060_img_03.png,,mesh_variant_material,unreviewed
P060-I04,60,bathroom_sink_faucet,inventory_images/bathroom_sink_faucet/P060-I04_p060_img_04.png,,mesh_variant_material,unreviewed
P061-I02,61,bathroom_sink_faucet,inventory_images/bathroom_sink_faucet/P061-I02_p061_img_02.png,,mesh_variant_material,unreviewed
P061-I03,61,bathroom_sink_faucet,inventory_images/bathroom_sink_faucet/P061-I03_p061_img_03.png,,mesh_variant_material,unreviewed
P061-I04,61,bathroom_sink_faucet,inventory_images/bathroom_sink_faucet/P061-I04_p061_img_04.png,6,mesh_variant_material,unreviewed
P063-I02,63,kitchen_faucet,inventory_images/kitchen_faucet/P063-I02_p063_img_02.png,,mesh_variant_material,unreviewed
P063-I03,63,kitchen_faucet,inventory_images/kitchen_faucet/P063-I03_p063_img_03.png,,mesh_variant_material,unreviewed
P063-I04,63,kitchen_faucet,inventory_images/kitchen_faucet/P063-I04_p063_img_04.png,,mesh_variant_material,unreviewed
P063-I05,63,kitchen_faucet,inventory_images/kitchen_faucet/P063-I05_p063_img_05.png,,mesh_variant_material,unreviewed
P063-I06,63,kitchen_faucet,inventory_images/kitchen_faucet/P063-I06_p063_img_06.png,,mesh_variant_material,unreviewed
P063-I07,63,kitchen_faucet,inventory_images/kitchen_faucet/P063-I07_p063_img_07.png,,mesh_variant_material,unreviewed
P064-I02,64,kitchen_faucet,inventory_images/kitchen_faucet/P064-I02_p064_img_02.png,,mesh_variant_material,unreviewed
P064-I03,64,kitchen_faucet,inventory_images/kitchen_faucet/P064-I03_p064_img_03.png,,mesh_variant_material,unreviewed
P064-I04,64,kitchen_faucet,inventory_images/kitchen_faucet/P064-I04_p064_img_04.png,,mesh_variant_material,unreviewed
P064-I05,64,kitchen_faucet,inventory_images/kitchen_faucet/P064-I05_p064_img_05.png,,mesh_variant_material,unreviewed
P065-I02,65,kitchen_faucet,inventory_images/kitchen_faucet/P065-I02_p065_img_02.png,,mesh_variant_material,unreviewed
P065-I03,65,kitchen_faucet,inventory_images/kitchen_faucet/P065-I03_p065_img_03.png,,mesh_variant_material,unreviewed
P065-I04,65,kitchen_faucet,inventory_images/kitchen_faucet/P065-I04_p065_img_04.png,,mesh_variant_material,unreviewed
P065-I05,65,kitchen_faucet,inventory_images/kitchen_faucet/P065-I05_p065_img_05.png,,mesh_variant_material,unreviewed
P065-I06,65,kitchen_faucet,inventory_images/kitchen_faucet/P065-I06_p065_img_06.png,,mesh_variant_material,unreviewed
P065-I07,65,kitchen_faucet,inventory_images/kitchen_faucet/P065-I07_p065_img_07.png,,mesh_variant_material,unreviewed
P066-I02,66,kitchen_faucet,inventory_images/kitchen_faucet/P066-I02_p066_img_02.png,,mesh_variant_material,unreviewed
P066-I03,66,kitchen_faucet,inventory_images/kitchen_faucet/P066-I03_p066_img_03.png,,mesh_variant_material,unreviewed
P066-I04,66,kitchen_faucet,inventory_images/kitchen_faucet/P066-I04_p066_img_04.png,,mesh_variant_material,unreviewed
P066-I05,66,kitchen_faucet,inventory_images/kitchen_faucet/P066-I05_p066_img_05.png,,mesh_variant_material,unreviewed
P066-I06,66,kitchen_faucet,inventory_images/kitchen_faucet/P066-I06_p066_img_06.png,,mesh_variant_material,unreviewed
P066-I07,66,kitchen_faucet,inventory_images/kitchen_faucet/P066-I07_p066_img_07.png,,mesh_variant_material,unreviewed
P068-I02,68,laundry_faucet,inventory_images/laundry_faucet/P068-I02_p068_img_02.png,,mesh_variant_material,unreviewed
P068-I03,68,laundry_faucet,inventory_images/laundry_faucet/P068-I03_p068_img_03.png,,mesh_variant_material,unreviewed
P068-I04,68,laundry_faucet,inventory_images/laundry_faucet/P068-I04_p068_img_04.png,,mesh_variant_material,unreviewed
P070-I02,70,roman_tub_faucet,inventory_images/roman_tub_faucet/P070-I02_p070_img_02.png,,mesh_variant_material,unreviewed
P070-I03,70,roman_tub_faucet,inventory_images/roman_tub_faucet/P070-I03_p070_img_03.png,,mesh_variant_material,unreviewed
P070-I04,70,roman_tub_faucet,inventory_images/roman_tub_faucet/P070-I04_p070_img_04.png,,mesh_variant_material,unreviewed
P070-I05,70,roman_tub_faucet,inventory_images/roman_tub_faucet/P070-I05_p070_img_05.png,,mesh_variant_material,unreviewed
P070-I06,70,roman_tub_faucet,inventory_images/roman_tub_faucet/P070-I06_p070_img_06.png,,mesh_variant_material,unreviewed
P070-I07,70,roman_tub_faucet,inventory_images/roman_tub_faucet/P070-I07_p070_img_07.png,,mesh_variant_material,unreviewed
P071-I02,71,roman_tub_faucet,inventory_images/roman_tub_faucet/P071-I02_p071_img_02.png,,mesh_variant_material,unreviewed
P071-I03,71,roman_tub_faucet,inventory_images/roman_tub_faucet/P071-I03_p071_img_03.png,,mesh_variant_material,unreviewed
P071-I04,71,roman_tub_faucet,inventory_images/roman_tub_faucet/P071-I04_p071_img_04.png,,mesh_variant_material,unreviewed
P071-I05,71,roman_tub_faucet,inventory_images/roman_tub_faucet/P071-I05_p071_img_05.png,,mesh_variant_material,unreviewed
P071-I06,71,roman_tub_faucet,inventory_images/roman_tub_faucet/P071-I06_p071_img_06.png,,mesh_variant_material,unreviewed
P071-I07,71,roman_tub_faucet,inventory_images/roman_tub_faucet/P071-I07_p071_img_07.png,,mesh_variant_material,unreviewed
P073-I01,73,shower_enclosures,inventory_images/shower_enclosures/P073-I01_p073_img_01.png,Frameless Fixed Panel Fix Bypass Door,parametric_glass_system,unreviewed
P075-I02,75,shower_faucets,inventory_images/shower_faucets/P075-I02_p075_img_02.png,,mesh_variant_material,unreviewed
P075-I03,75,shower_faucets,inventory_images/shower_faucets/P075-I03_p075_img_03.png,,mesh_variant_material,unreviewed
P075-I04,75,shower_faucets,inventory_images/shower_faucets/P075-I04_p075_img_04.png,,mesh_variant_material,unreviewed
P075-I05,75,shower_faucets,inventory_images/shower_faucets/P075-I05_p075_img_05.png,,mesh_variant_material,unreviewed
P075-I06,75,shower_faucets,inventory_images/shower_faucets/P075-I06_p075_img_06.png,,mesh_variant_material,unreviewed
P075-I07,75,shower_faucets,inventory_images/shower_faucets/P075-I07_p075_img_07.png,,mesh_variant_material,unreviewed
P076-I02,76,shower_faucets,inventory_images/shower_faucets/P076-I02_p076_img_02.png,,mesh_variant_material,unreviewed
P076-I03,76,shower_faucets,inventory_images/shower_faucets/P076-I03_p076_img_03.png,,mesh_variant_material,unreviewed
P076-I04,76,shower_faucets,inventory_images/shower_faucets/P076-I04_p076_img_04.png,,mesh_variant_material,unreviewed
P076-I05,76,shower_faucets,inventory_images/shower_faucets/P076-I05_p076_img_05.png,,mesh_variant_material,unreviewed
P076-I06,76,shower_faucets,inventory_images/shower_faucets/P076-I06_p076_img_06.png,,mesh_variant_material,unreviewed
P076-I07,76,shower_faucets,inventory_images/shower_faucets/P076-I07_p076_img_07.png,,mesh_variant_material,unreviewed
P077-I02,77,shower_faucets,inventory_images/shower_faucets/P077-I02_p077_img_02.png,,mesh_variant_material,unreviewed
P077-I03,77,shower_faucets,inventory_images/shower_faucets/P077-I03_p077_img_03.png,,mesh_variant_material,unreviewed
P077-I04,77,shower_faucets,inventory_images/shower_faucets/P077-I04_p077_img_04.png,,mesh_variant_material,unreviewed
P077-I05,77,shower_faucets,inventory_images/shower_faucets/P077-I05_p077_img_05.png,,mesh_variant_material,unreviewed
P077-I06,77,shower_faucets,inventory_images/shower_faucets/P077-I06_p077_img_06.png,,mesh_variant_material,unreviewed
P078-I02,78,shower_faucets,inventory_images/shower_faucets/P078-I02_p078_img_02.png,,mesh_variant_material,unreviewed
P078-I03,78,shower_faucets,inventory_images/shower_faucets/P078-I03_p078_img_03.png,,mesh_variant_material,unreviewed
P078-I04,78,shower_faucets,inventory_images/shower_faucets/P078-I04_p078_img_04.png,,mesh_variant_material,unreviewed
P078-I05,78,shower_faucets,inventory_images/shower_faucets/P078-I05_p078_img_05.png,,mesh_variant_material,unreviewed
P080-I01,80,sinks,inventory_images/sinks/P080-I01_p080_img_01.png,Single Bow 2318 SR Inside: 21” x 15 3/4” x 9”,parametric_fixture,unreviewed
P080-I02,80,sinks,inventory_images/sinks/P080-I02_p080_img_02.png,Single Bowl Kitchen & Laundry Sink 3018 SR x 9” Inside: 28” x 16” x 9” Ins,parametric_fixture,unreviewed
P080-I04,80,sinks,inventory_images/sinks/P080-I04_p080_img_04.png,2318 SR Inside: 21” x 15 3/4” x 9” In 2318 HMR Inside: 21” x 16” x 10” Ins Double,parametric_fixture,unreviewed
P080-I05,80,sinks,inventory_images/sinks/P080-I05_p080_img_05.png,3018 SR 4” x 9” Inside: 28” x 16” x 9” Inside R 3018 HMR ” x 10” Inside: 28” x 16” x 10” Insid Double Bowl Kitchen Sinks,parametric_fixture,unreviewed
P080-I06,80,sinks,inventory_images/sinks/P080-I06_p080_img_06.png,3218 SR 6” x 9” Inside: 30 1/8” x 16” x 9” R 3218 HMR 6” x 10” Inside: 30” x 16” x 10” chen Sinks,parametric_fixture,unreviewed
P080-I07,80,sinks,inventory_images/sinks/P080-I07_p080_img_07.png,Inside: 21” x 16” x 10” Insid Double B 5050 SR Inside: 30” x 16” x 9” Inside: 7”/9”,parametric_fixture,unreviewed
P080-I08,80,sinks,inventory_images/sinks/P080-I08_p080_img_08.png,10” Inside: 28” x 16” x 10” Insi Double Bowl Kitchen Sinks 6040 SR 9” Inside: 30” x 18 5/8” x 9”/7” Insid,parametric_fixture,unreviewed
P080-I09,80,sinks,inventory_images/sinks/P080-I09_p080_img_09.png,x 10” Inside: 30” x 16” x 10” en Sinks 4060 SR ” x 9”/7” Inside: 30” x 18 5/8” x,parametric_fixture,unreviewed
P080-I10,80,sinks,inventory_images/sinks/P080-I10_p080_img_10.png,5050 SR Inside: 30” x 16” x 9” Inside: 3 7”/9” 5050 HMR 6 Inside: 30” x 16” x 10” Inside,parametric_fixture,unreviewed
P080-I11,80,sinks,inventory_images/sinks/P080-I11_p080_img_11.png,6040 SR 9” Inside: 30” x 18 5/8” x 9”/7” Ins 6040 HMR 10” Inside: 30” x 16” x 9” I,parametric_fixture,unreviewed
P080-I12,80,sinks,inventory_images/sinks/P080-I12_p080_img_12.png,4060 SR x 9”/7” Inside: 30” x 18 5/8” x 4060 HMR x 9” Inside: 30” x 16” x 9”,parametric_fixture,unreviewed
P081-I01,81,sinks,inventory_images/sinks/P081-I01_p081_img_01.png,1315 SR Inside: 10 3/4” x 13” x 6 3/4”,parametric_fixture,unreviewed
P081-I02,81,sinks,inventory_images/sinks/P081-I02_p081_img_02.png,1616 SR Inside: 13” x 16 1/2” x 7”,parametric_fixture,unreviewed
P081-I03,81,sinks,inventory_images/sinks/P081-I03_p081_img_03.png,Bar Sinks 1519 SR 6 3/4” Inside: 14” x 14” x 7” In,parametric_fixture,unreviewed
P081-I04,81,sinks,inventory_images/sinks/P081-I04_p081_img_04.png,1315 SR Inside: 10 3/4” x 13” x 6 3/4” I 1218 HMR Inside: 10” x 16” x7” In,parametric_fixture,unreviewed
P081-I05,81,sinks,inventory_images/sinks/P081-I05_p081_img_05.png,1519 SR 6 3/4” Inside: 14” x 14” x 7” In 1518 HMR Inside: 13” x 16” x7” In,parametric_fixture,unreviewed
P081-I06,81,sinks,inventory_images/sinks/P081-I06_p081_img_06.png,1616 SR ” Inside: 13” x 16 1/2” x 7” 1618 HMR Inside: 16” x 14” x 9”,parametric_fixture,unreviewed
P081-I07,81,sinks,inventory_images/sinks/P081-I07_p081_img_07.png,Rectangle) 1813 (Large Rectangle) ” x 11” x 5 1/2” Inside: 18” x 13” x 6”,parametric_fixture,unreviewed
P081-I08,81,sinks,inventory_images/sinks/P081-I08_p081_img_08.png,Vanity Sinks ular Oval) 1611 (Small Rectangle) 1813 (Large x 13” x 6” Inside: 16 1/4” x 11” x 5 1/2” Inside: 1,parametric_fixture,unreviewed
P081-I09,81,sinks,inventory_images/sinks/P081-I09_p081_img_09.png,x 16” x7” Inside: 13” x 16” x7” Vanity Sinks Oval) 2210 (Regular Oval) 1611 (Small 12” x 6” Inside: 16” x 13” x 6” Inside: 16 1/4,parametric_fixture,unreviewed
P081-I10,81,sinks,inventory_images/sinks/P081-I10_p081_img_10.png,Inside: 10” x 16” x7” 2209 (Small Oval) 2210 (Reg Inside: 15 1/4” x 12” x 6” Inside: 16”,parametric_fixture,unreviewed
P083-I01,83,tub_shower_faucets,inventory_images/tub_shower_faucets/P083-I01_p083_img_01.png,,mesh_variant_material,unreviewed
P083-I02,83,tub_shower_faucets,inventory_images/tub_shower_faucets/P083-I02_p083_img_02.png,,mesh_variant_material,unreviewed
P083-I03,83,tub_shower_faucets,inventory_images/tub_shower_faucets/P083-I03_p083_img_03.png,,mesh_variant_material,unreviewed
P083-I04,83,tub_shower_faucets,inventory_images/tub_shower_faucets/P083-I04_p083_img_04.png,,mesh_variant_material,unreviewed
P083-I05,83,tub_shower_faucets,inventory_images/tub_shower_faucets/P083-I05_p083_img_05.png,,mesh_variant_material,unreviewed
P083-I06,83,tub_shower_faucets,inventory_images/tub_shower_faucets/P083-I06_p083_img_06.png,,mesh_variant_material,unreviewed
P084-I02,84,tub_shower_faucets,inventory_images/tub_shower_faucets/P084-I02_p084_img_02.png,,mesh_variant_material,unreviewed
P084-I03,84,tub_shower_faucets,inventory_images/tub_shower_faucets/P084-I03_p084_img_03.png,,mesh_variant_material,unreviewed
P084-I04,84,tub_shower_faucets,inventory_images/tub_shower_faucets/P084-I04_p084_img_04.png,,mesh_variant_material,unreviewed
P084-I05,84,tub_shower_faucets,inventory_images/tub_shower_faucets/P084-I05_p084_img_05.png,,mesh_variant_material,unreviewed
P084-I06,84,tub_shower_faucets,inventory_images/tub_shower_faucets/P084-I06_p084_img_06.png,,mesh_variant_material,unreviewed
P084-I07,84,tub_shower_faucets,inventory_images/tub_shower_faucets/P084-I07_p084_img_07.png,,mesh_variant_material,unreviewed
P085-I02,85,tub_shower_faucets,inventory_images/tub_shower_faucets/P085-I02_p085_img_02.png,,mesh_variant_material,unreviewed
P085-I03,85,tub_shower_faucets,inventory_images/tub_shower_faucets/P085-I03_p085_img_03.png,,mesh_variant_material,unreviewed
P085-I04,85,tub_shower_faucets,inventory_images/tub_shower_faucets/P085-I04_p085_img_04.png,,mesh_variant_material,unreviewed
P085-I05,85,tub_shower_faucets,inventory_images/tub_shower_faucets/P085-I05_p085_img_05.png,,mesh_variant_material,unreviewed
P085-I06,85,tub_shower_faucets,inventory_images/tub_shower_faucets/P085-I06_p085_img_06.png,,mesh_variant_material,unreviewed
P086-I02,86,tub_shower_faucets,inventory_images/tub_shower_faucets/P086-I02_p086_img_02.png,,mesh_variant_material,unreviewed
P086-I03,86,tub_shower_faucets,inventory_images/tub_shower_faucets/P086-I03_p086_img_03.png,,mesh_variant_material,unreviewed
P086-I04,86,tub_shower_faucets,inventory_images/tub_shower_faucets/P086-I04_p086_img_04.png,,mesh_variant_material,unreviewed
P086-I05,86,tub_shower_faucets,inventory_images/tub_shower_faucets/P086-I05_p086_img_05.png,,mesh_variant_material,unreviewed
P088-I02,88,wet_bar_faucets,inventory_images/wet_bar_faucets/P088-I02_p088_img_02.png,,mesh_variant_material,unreviewed
P088-I03,88,wet_bar_faucets,inventory_images/wet_bar_faucets/P088-I03_p088_img_03.png,,mesh_variant_material,unreviewed
P088-I04,88,wet_bar_faucets,inventory_images/wet_bar_faucets/P088-I04_p088_img_04.png,,mesh_variant_material,unreviewed
P088-I05,88,wet_bar_faucets,inventory_images/wet_bar_faucets/P088-I05_p088_img_05.png,,mesh_variant_material,unreviewed
P089-I02,89,wet_bar_faucets,inventory_images/wet_bar_faucets/P089-I02_p089_img_02.png,,mesh_variant_material,unreviewed
P089-I03,89,wet_bar_faucets,inventory_images/wet_bar_faucets/P089-I03_p089_img_03.png,,mesh_variant_material,unreviewed
P089-I04,89,wet_bar_faucets,inventory_images/wet_bar_faucets/P089-I04_p089_img_04.png,,mesh_variant_material,unreviewed
P089-I05,89,wet_bar_faucets,inventory_images/wet_bar_faucets/P089-I05_p089_img_05.png,,mesh_variant_material,unreviewed
P090-I02,90,wet_bar_faucets,inventory_images/wet_bar_faucets/P090-I02_p090_img_02.png,,mesh_variant_material,unreviewed
P090-I03,90,wet_bar_faucets,inventory_images/wet_bar_faucets/P090-I03_p090_img_03.png,,mesh_variant_material,unreviewed
P090-I04,90,wet_bar_faucets,inventory_images/wet_bar_faucets/P090-I04_p090_img_04.png,,mesh_variant_material,unreviewed
P092-I01,92,shelving,inventory_images/shelving/P092-I01_p092_img_01.png,,parametric_linear_system,unreviewed
P094-I01,94,trim_carpentry,inventory_images/trim_carpentry/P094-I01_p094_img_01.png,,procedural_profile_extrusion,unreviewed
P095-I01,95,trim_carpentry,inventory_images/trim_carpentry/P095-I01_p095_img_01.png,LWM45 5 1/4” Crown 9/16” x 5 1/4”,procedural_profile_extrusion,unreviewed
P095-I02,95,trim_carpentry,inventory_images/trim_carpentry/P095-I02_p095_img_02.png,LWM45 5 1/4” Crown 9/16” x 5 1/4”,procedural_profile_extrusion,unreviewed
P095-I03,95,trim_carpentry,inventory_images/trim_carpentry/P095-I03_p095_img_03.png,1/4” Crown Crown L 49 /4” 9/16 x 3 5/8 Primed 16’,procedural_profile_extrusion,unreviewed
P095-I04,95,trim_carpentry,inventory_images/trim_carpentry/P095-I04_p095_img_04.png,DYKE 5 1/4” Cove Crown Primed Pine,procedural_profile_extrusion,unreviewed
P095-I05,95,trim_carpentry,inventory_images/trim_carpentry/P095-I05_p095_img_05.png,/16” x 5 1/4” 9/16 x 3 5/8 Primed 16’ E ” Cove Crown ed Pine,procedural_profile_extrusion,unreviewed
P095-I06,95,trim_carpentry,inventory_images/trim_carpentry/P095-I06_p095_img_06.png,DYKE 5 1/4” Cove Crown Primed Pine,procedural_profile_extrusion,unreviewed
P095-I08,95,trim_carpentry,inventory_images/trim_carpentry/P095-I08_p095_img_08.png,Quarter Round Shoe Primed 16’ Primed 106 129 11/16 x 11/16 7/16 x 11/16 109,procedural_profile_extrusion,unreviewed
P095-I09,95,trim_carpentry,inventory_images/trim_carpentry/P095-I09_p095_img_09.png,Quarter Round Shoe L 254 Shoe Primed 16’ Primed 7/16 x 3/4 106 129 Primed 16’ 11/16 x 11/16 7/16 x 11/16,procedural_profile_extrusion,unreviewed
P095-I10,95,trim_carpentry,inventory_images/trim_carpentry/P095-I10_p095_img_10.png,d Shoe L 254 Shoe Primed 7/16 x 3/4 129 Primed 16’ 6 7/16 x 11/16,procedural_profile_extrusion,unreviewed
P095-I11,95,trim_carpentry,inventory_images/trim_carpentry/P095-I11_p095_img_11.png,Shoe L 254 Shoe Primed 7/16 x 3/4 129 Primed 16’ 7/16 x 11/16,procedural_profile_extrusion,unreviewed
P095-I12,95,trim_carpentry,inventory_images/trim_carpentry/P095-I12_p095_img_12.png,uarter Round Shoe L 254 Shoe Primed 16’ Primed 7/16 x 3/4 106 129 Primed 16’ 1/16 x 11/16 7/16 x 11/16 109 3/8 x 3/8 Pine,procedural_profile_extrusion,unreviewed
P095-I13,95,trim_carpentry,inventory_images/trim_carpentry/P095-I13_p095_img_13.png,Primed 16’ Primed 106 129 11/16 x 11/16 7/16 x 11/16 109 3/8 x 3/8 Pine,procedural_profile_extrusion,unreviewed
